Model,Total Optimization Time (s),Avg Optimization Time per Fold (s),Avg Retraining Time (s),Best Params Per Fold,Avg Train R2,Std Train R2,Avg Train MSE (original units),Std Train MSE (original units),Avg Train MAPE (%),Std Train MAPE (%),Avg Test R2,Std Test R2,Avg Test MSE (original units),Std Test MSE (original units),Avg Test MAPE (%),Std Test MAPE (%),All Fold Test R2,All Fold Test MSE (original units),All Fold Test MAPE (%),All Fold Train R2,All Fold Train MSE (original units),All Fold Train MAPE (%),NNR_Epochs,NNR_Batch_Size
LinearRegression,0.0,0.0,0.002,"[{}, {}, {}, {}, {}, {}]",0.359729193552238,0.0504800711184893,709.4702817664444,163.83959948334422,17.40431047822598,3.8666225139419774,-0.1760114696829262,,1311.370524886216,,22.662293689217503,,"[0.15646874349282458, -0.8073876843218415, 0.47142745110454953, -2.1375688795023318, -18.29681289352196, 0.04450791856603131]","[459.11615089511247, 1393.9537761588347, 551.0643019244811, 1706.9251911607507, 3222.9568154149315, 497.4765997355063]","[9.362756769618114, 18.27717019108802, 14.295996135520836, 17.81327476121119, 70.89386968304973, 9.988100922655141]","[0.32853550696432454, 0.37299500271007724, 0.2827927820912326, 0.3919115096398177, 0.42762652270428336, 0.35451383720369267]","[811.1934782128238, 681.4095437541771, 757.2229571598908, 788.0426874937618, 391.95569787730483, 826.9973261007078]","[19.504323557158248, 17.563319641203726, 17.913089885489512, 19.535145764769737, 9.781943003089555, 20.128041017645103]",,
BayesianRidge,12.342,2.057,0.002,"[{""max_iter"": 158, ""alpha_1"": 1.7691973954010567e-06, ""alpha_2"": 5.139593385931665e-07, ""lambda_1"": 9.966891293143065e-06, ""lambda_2"": 1.1354047026155301e-07}, {""max_iter"": 428, ""alpha_1"": 8.051988123212405e-07, ""alpha_2"": 2.3534700438114848e-07, ""lambda_1"": 9.804419893747688e-06, ""lambda_2"": 4.300789311587772e-06}, {""max_iter"": 371, ""alpha_1"": 6.684997746710208e-07, ""alpha_2"": 1.0120663838782209e-07, ""lambda_1"": 9.963631229817923e-06, ""lambda_2"": 2.832887235111691e-07}, {""max_iter"": 499, ""alpha_1"": 6.566105866308129e-07, ""alpha_2"": 1.1060216312095626e-07, ""lambda_1"": 9.897023931488198e-06, ""lambda_2"": 1.39420522226693e-06}, {""max_iter"": 103, ""alpha_1"": 2.149088729093376e-06, ""alpha_2"": 1.0109650197401097e-07, ""lambda_1"": 9.97344417513285e-06, ""lambda_2"": 1.2655425169539716e-07}, {""max_iter"": 499, ""alpha_1"": 5.036121882320268e-06, ""alpha_2"": 2.7128587163547074e-07, ""lambda_1"": 9.914630972060418e-06, ""lambda_2"": 1.4683495665827117e-06}]",0.3587681517340084,0.050642980822925,710.5550075827772,164.19422839684577,17.387528054218,3.872125926798162,-0.1275382607013642,,1257.31804398464,,22.43202666580898,,"[0.15151790745469484, -0.7959247957339359, 0.4611618861601402, -1.6833397979041358, -18.53795082442229, 0.049630244076049546]","[461.8107858218025, 1385.1129851257838, 561.7666859052093, 1459.8118713534884, 3263.23171169644, 494.809662848245]","[9.333958945692892, 18.048486599760725, 14.171612098565234, 16.901865480789652, 71.44343215945955, 9.733122901292772]","[0.3274161448950137, 0.37230463768358624, 0.2816351700301173, 0.3909161742749033, 0.42692727083201754, 0.35340951268841203]","[812.5457749013333, 682.1598110084387, 758.4451568342299, 789.3325766601562, 392.43453864554044, 828.4121874469652]","[19.47555143932287, 17.552003734715584, 17.876790119510417, 19.536751294893328, 9.757419195503854, 20.126652541361917]",,
SVR,5.624,0.937,0.009,"[{""C"": 5466.496160324948, ""gamma"": 0.02940229739641124, ""epsilon"": 0.0033035412945068552}, {""C"": 750.5862947495477, ""gamma"": 0.12890853751456025, ""epsilon"": 0.04563790536294275}, {""C"": 564.5003202543303, ""gamma"": 0.11421818875479081, ""epsilon"": 0.0023203296783000033}, {""C"": 2338.258366609421, ""gamma"": 0.046798409511456626, ""epsilon"": 0.003854411453048099}, {""C"": 903.5345845654459, ""gamma"": 0.18024305604154137, ""epsilon"": 0.04539222067344039}, {""C"": 1065.4134417629984, ""gamma"": 0.5869831314196448, ""epsilon"": 0.09628625681912972}]",0.6273573782915305,0.0885992940221621,404.0761217724207,105.91768936168488,11.87092081099833,2.5277215096983965,-8.892633704138172,,11031.276979467277,,32.157630675127336,,"[-0.3619105206480566, -0.7807718115735407, 0.48919148185397976, -2.3048133587880257, -17.749223229111898, -83.02065277251953]","[741.2589768073112, 1373.4261955821319, 532.5443783591049, 1797.9108637432103, 3131.4983009597468, 43745.321872370965]","[14.465739365744923, 20.825968642451983, 11.95770878627329, 17.945563761883488, 70.9696121117244, 47.71649707652955]","[0.5742632106198913, 0.6317379525372703, 0.5022187612964659, 0.6809262176588566, 0.6145344979522807, 0.7604636296844179]","[514.3308552609674, 400.2157476067549, 525.5543616653218, 413.4986353646972, 263.9629644905459, 306.89416624623664]","[13.410722161996844, 12.502926078033749, 14.863973266938114, 12.321671441117072, 7.6058263539054485, 10.52040556399876]",,
DecisionTree,6.098,1.016,0.001,"[{""max_depth"": 32, ""min_samples_split"": 16, ""min_samples_leaf"": 8}, {""max_depth"": 12, ""min_samples_split"": 7, ""min_samples_leaf"": 1}, {""max_depth"": 49, ""min_samples_split"": 3, ""min_samples_leaf"": 1}, {""max_depth"": 5, ""min_samples_split"": 16, ""min_samples_leaf"": 12}, {""max_depth"": 48, ""min_samples_split"": 16, ""min_samples_leaf"": 16}, {""max_depth"": 50, ""min_samples_split"": 14, ""min_samples_leaf"": 4}]",0.5899639562434014,0.2636388908336601,445.3986080959648,294.34120059508126,11.687582064664763,6.211259928951456,-0.2666826532909021,,1412.4779721393486,,25.620931292916936,,"[-0.449550037620718, -0.024955995017449162, 0.00030895959428012265, -0.1536131269838492, -24.492412271812086, -1.269908320502021]","[788.9593049082567, 790.5007276771911, 1042.2297685956842, 627.5977940011929, 4257.746827217558, 1181.8269297428153]","[16.417369773221804, 12.60075652134835, 18.529365943181986, 12.743522906057244, 81.63624229687585, 15.884213718388315]","[0.46157227212133467, 0.8170921535896438, 0.9748063191116738, 0.3552847206954036, 0.3150113489013805, 0.6160169230409718]","[650.4723121985193, 198.77856270722742, 26.599332895207603, 835.5085968993592, 469.0734554086968, 491.95938846677825]","[15.651393116098248, 8.171631475634529, 2.0192382805999975, 19.64958557407465, 10.424365128564, 14.209278813017171]",,
RandomForest,29.995,4.999,0.103,"[{""n_estimators"": 103, ""max_depth"": 12, ""min_samples_split"": 13, ""min_samples_leaf"": 1}, {""n_estimators"": 62, ""max_depth"": 5, ""min_samples_split"": 3, ""min_samples_leaf"": 1}, {""n_estimators"": 183, ""max_depth"": 50, ""min_samples_split"": 4, ""min_samples_leaf"": 2}, {""n_estimators"": 58, ""max_depth"": 16, ""min_samples_split"": 3, ""min_samples_leaf"": 1}, {""n_estimators"": 149, ""max_depth"": 37, ""min_samples_split"": 3, ""min_samples_leaf"": 1}, {""n_estimators"": 144, ""max_depth"": 41, ""min_samples_split"": 2, ""min_samples_leaf"": 1}]",0.8074201038981718,0.1069832319535183,214.2338768136179,134.0180264353731,8.999730401153661,3.1425626326509475,0.006175054952298,,1108.2143103447836,,22.63695476377431,,"[-0.3762026806865082, 0.10743036070613932, 0.010995078619912446, 0.13299000409278894, -17.501317120152525, -0.7418892998922557]","[749.0378960283975, 688.397309537521, 1031.088935169038, 471.6776777939412, 3090.092982482422, 906.9140214386441]","[14.51592628783341, 12.952020229108886, 17.128796029281332, 11.670766239077729, 69.92248316639483, 14.08207872965918]","[0.6246803431734403, 0.7853900113391009, 0.7630534825693649, 0.8843651902414339, 0.875710827229161, 0.9113207688365286]","[453.42212584665185, 233.23146560328493, 250.16667169178788, 149.85510775906178, 85.11199659731626, 113.61589338360474]","[13.69401360017396, 10.690461938357771, 9.68787235385368, 7.982208836274218, 4.448859367101166, 7.494966311161175]",,
XGBoost,12.344,2.057,0.032,"[{""n_estimators"": 95, ""learning_rate"": 0.010137480105750005, ""max_depth"": 3, ""subsample"": 0.8728849586926055, ""colsample_bytree"": 0.9826422334779694}, {""n_estimators"": 63, ""learning_rate"": 0.014678951958641419, ""max_depth"": 3, ""subsample"": 0.6020713020480091, ""colsample_bytree"": 0.8757069677978021}, {""n_estimators"": 68, ""learning_rate"": 0.010553983251226586, ""max_depth"": 6, ""subsample"": 0.9975005956374261, ""colsample_bytree"": 0.9012924840344747}, {""n_estimators"": 199, ""learning_rate"": 0.010585821463985097, ""max_depth"": 3, ""subsample"": 0.861134182343325, ""colsample_bytree"": 0.6792428465278997}, {""n_estimators"": 90, ""learning_rate"": 0.013076572101061761, ""max_depth"": 3, ""subsample"": 0.6221048863774039, ""colsample_bytree"": 0.9623353899978777}, {""n_estimators"": 75, ""learning_rate"": 0.014145039235241068, ""max_depth"": 3, ""subsample"": 0.615136839944316, ""colsample_bytree"": 0.613452222048182}]",0.3712425129244803,0.0951139056452463,692.2584783543292,174.06541538644962,16.57870507293212,3.588293288490284,-0.2016376781038407,,1339.9463128390653,,23.27405422835412,,"[-0.46546713002317963, -0.8810106088066729, -0.4469286755532962, -0.27192076964144407, -21.74942143123459, -0.2405625925112862]","[797.6226403103373, 1450.7357020775091, 1508.4982036893557, 691.9604592731421, 3799.6120526803716, 645.8984561707523]","[14.299094274342336, 15.463442185382636, 16.8378696137762, 13.56483792212962, 78.18920593565066, 8.17495727165381]","[0.3099540014352319, 0.24816127909792085, 0.4263363994698165, 0.5167440264243197, 0.3946760068470361, 0.3315833642725565]","[833.6417182268713, 817.0749547466863, 605.6704912633949, 626.267956393029, 414.51988533627747, 856.3758641597155]","[18.4899832506553, 18.42307416354063, 15.691091721042627, 16.899003019093843, 9.917420446736896, 20.051657836523415]",,
GPR,34.388,5.731,0.304,"[{""kernel"": ""RationalQuadratic"", ""alpha"": 2.0057322817130547e-10}, {""kernel"": ""RationalQuadratic"", ""alpha"": 0.09768065564084266}, {""kernel"": ""RationalQuadratic"", ""alpha"": 3.7151155473842754e-10}, {""kernel"": ""RationalQuadratic"", ""alpha"": 8.700725235638722e-10}, {""kernel"": ""RationalQuadratic"", ""alpha"": 0.09768065564084266}, {""kernel"": ""RationalQuadratic"", ""alpha"": 2.666700225535936e-10}]",0.9947570662744102,0.0081286710297966,4.678120371230423,7.598700174372916,0.7404665148676441,1.1964098050345375,-0.145566708312641,,1277.421567986203,,23.946703172969663,,"[-0.49134632086463803, -0.4504964483155516, -0.5321968959387213, 0.050854654589836845, -21.607283420870168, -0.2900570275559009]","[811.708134351908, 1118.7002207515302, 1597.394746730094, 516.3616042783278, 3775.8721391640147, 671.667715519163]","[15.541005730054044, 15.606869071408264, 21.87184326948021, 12.6347818120194, 77.80498626127661, 9.435269129717343]","[1.0, 0.98376315603854, 1.0, 1.0, 0.9847792416079212, 1.0]","[1.0451725563474284e-16, 17.645697376587744, 2.8703472464303905e-16, 1.9181237444129362e-15, 10.423024850794793, 1.8518414938847071e-16]","[6.399641877639242e-09, 2.758751562102241, 1.1038433824494817e-08, 2.916737641230404e-08, 1.684047470932383, 9.56578929612049e-09]",,
NNR,4087.649,681.275,3.287,"[{""hidden_layers"": 2, ""units"": 112, ""activation"": ""relu"", ""learning_rate"": 0.0019533692262163026}, {""hidden_layers"": 4, ""units"": 87, ""activation"": ""selu"", ""learning_rate"": 0.0012344334884639753}, {""hidden_layers"": 3, ""units"": 66, ""activation"": ""selu"", ""learning_rate"": 0.009755097512199471}, {""hidden_layers"": 1, ""units"": 37, ""activation"": ""relu"", ""learning_rate"": 0.0070018701803474725}, {""hidden_layers"": 4, ""units"": 95, ""activation"": ""tanh"", ""learning_rate"": 0.0008963952109981303}, {""hidden_layers"": 3, ""units"": 62, ""activation"": ""relu"", ""learning_rate"": 0.0011743110970687304}]",0.6910635039928348,0.091538269189855,326.740727522707,69.2225565577494,11.439179904141126,2.052711701462309,-0.1699097441494468,,1304.5664900431643,,23.283210678225743,,"[-0.21522669592898525, -0.7612755860753082, 0.35501446512130563, -2.080510865101115, -17.121046582612077, 0.16087764609934252]","[661.4220857803566, 1358.3896666792016, 672.4308787356608, 1675.8840360883246, 3026.580135701443, 436.8887440218955]","[13.138345675542329, 20.486716058170956, 14.725137190336094, 17.413759814807534, 68.95354049503777, 10.24430744671861]","[0.8151381714733188, 0.6095913433395588, 0.6476277533299932, 0.7431462057471971, 0.5819177841590029, 0.748959765907938]","[223.33081082721333, 424.2839941667368, 372.03244471317976, 332.86562321884463, 286.29856759659873, 321.63292461366876]","[9.326576204963759, 14.009242507479314, 13.034135785058435, 11.41772774983258, 8.781586928278026, 12.065810249234632]",100.0,8.0
Ridge,5.773,0.962,0.002,"[{""alpha"": 2.4339616305802583}, {""alpha"": 8.35504387954412}, {""alpha"": 14.122097143809238}, {""alpha"": 3.9708464582123213}, {""alpha"": 3.7549105126437934}, {""alpha"": 4.524847801912413}]",0.3441382750913378,0.05776172497147993,726.7255419402873,168.05115568872904,17.408770858572264,3.859416216072618,-0.006235843434027943,,1122.0537045605338,,21.748829762033274,,"[0.1475578286245085, -0.7522611156662691, 0.32397905336239974, -0.5020427893095105, -19.034498951878643, 0.05489658023379673]","[463.9661726385101, 1351.4372263279956, 704.7869054563051, 817.1532717651236, 3346.165260381271, 492.0677468703664]","[9.317210870736735, 16.976309760130796, 14.322798983331058, 14.118968264167375, 72.5513223451585, 9.34785319032449]","[0.3256507655035329, 0.3502309553615178, 0.24674089516775555, 0.37356294074605123, 0.4212113678246402, 0.34743272594452945]","[814.6785224461307, 706.1488029065373, 795.2863170170164, 811.8212259333621, 396.3487325086815, 836.0696508299949]","[19.464773599797223, 17.575332100451075, 17.909493882962895, 19.57622606089835, 9.800439728516782, 20.126359778807263]",,
Lasso,6.35,1.058,0.002,"[{""alpha"": 0.7818237028645122}, {""alpha"": 2.076336467434503}, {""alpha"": 2.544890022206944}, {""alpha"": 1.5852187292765862}, {""alpha"": 0.7741371818294585}, {""alpha"": 1.3805976868755274}]",1.850371707708594e-17,4.5324665183683945e-17,1102.097276884364,226.89677765115172,20.87195065864619,3.916931947532613,-0.1974348734666409,,1335.2597649055108,,23.051048403505053,,"[-0.40488700847288217, -0.8766998452559418, -0.7444672552804461, -0.03125980824098806, -22.899657361260125, -0.04217598798407862]","[764.6501665432148, 1447.4110113197958, 1818.697607868733, 561.0341678291239, 3991.724644042826, 542.6085437047554]","[12.9758955375911, 15.308830316662528, 16.58616501872551, 12.672102338565146, 80.29990847835225, 7.943174109085023]","[0.0, 0.0, 0.0, 0.0, 0.0, 1.1102230246251565e-16]","[1208.0958660158437, 1086.768920023612, 1055.7938323150195, 1295.934226656698, 684.7901124440136, 1281.2007038509962]","[22.257192349168466, 21.06398659421171, 20.892189274076078, 23.30493447184759, 13.346994564539582, 24.366406698033703]",,
ElasticNet,7.084,1.181,0.002,"[{""alpha"": 0.06094449550876184, ""l1_ratio"": 0.31466861517660755}, {""alpha"": 0.23921662529553273, ""l1_ratio"": 0.4099736513377837}, {""alpha"": 0.26053103375033804, ""l1_ratio"": 0.3732714398311096}, {""alpha"": 0.1468900104033014, ""l1_ratio"": 0.5413341147743341}, {""alpha"": 0.08711634078069794, ""l1_ratio"": 0.3387352373690799}, {""alpha"": 0.11756378801083733, ""l1_ratio"": 0.3397327790516043}]",0.28414835383065773,0.083315562916316,794.8100788015475,193.85545928344277,17.909034059140435,3.983913776679694,0.06754684619116047,,1039.778618886933,,20.552092574744854,,"[0.13501229495757894, -0.697986489401075, 0.03903122623604971, 0.46378235021462944, -19.852527069539278, 0.03852483972937326]","[470.79444021443334, 1309.5777399055437, 1001.8597969040572, 291.71739315212756, 3482.7924491073672, 500.5916875247668]","[9.254345694666364, 15.48350898315974, 14.89625644066754, 9.048253697237845, 74.2655551108776, 8.795413592790933]","[0.3160547268792502, 0.23697001464750056, 0.1579353944430748, 0.2698943264771442, 0.4020390974682285, 0.321996563068748]","[826.2714570382551, 829.2372731271682, 889.0466169577813, 946.1689313945099, 409.4777136818556, 868.6584806097146]","[19.4367288448819, 18.43460168865225, 18.760197305651385, 20.3540045689973, 9.955254952841521, 20.513416993818254]",,
KernelRidge,7.631,1.272,0.002,"[{""alpha"": 0.008553746795958626, ""gamma"": 0.02256033726653789}, {""alpha"": 0.001150207486905781, ""gamma"": 0.034781723870965266}, {""alpha"": 0.0010716171990264884, ""gamma"": 0.004778882995934512}, {""alpha"": 0.07405317023805193, ""gamma"": 0.09411508987671892}, {""alpha"": 0.0029824842106311424, ""gamma"": 0.02378378931265922}, {""alpha"": 0.001219467337732902, ""gamma"": 0.009779652684338632}]",0.5482277786720862,0.04839512534869651,499.013328232466,119.38147411109404,14.469840114633902,2.890783226703566,0.19047199211537547,,902.7047745512011,,20.787746163532997,,"[0.009134780183419844, -0.7740081735048139, 0.3539249134123481, -0.07254200432890578, -14.54929981146971, 0.5364519092336087]","[539.3068985513735, 1368.2097171761661, 673.566792912744, 583.4928366759675, 2597.0465733815654, 241.346142463334]","[11.337056226548075, 20.060430682787697, 14.206173722593874, 13.943150958388696, 63.323173567325206, 8.821323134075143]","[0.5414022817871642, 0.6105567393994114, 0.48093948541523646, 0.5832172038067323, 0.5662713331573309, 0.5069796284666417]","[554.0300075372259, 423.23483173337576, 548.0208898968536, 540.1230906685387, 297.0131025373835, 631.6580470214185]","[15.866445133442628, 13.619560097765538, 15.278541489085521, 15.488940365650041, 9.123518767508445, 17.44203483435123]",,
ExtraTrees,68.904,11.484,0.211,"[{""n_estimators"": 394, ""max_depth"": 13, ""min_samples_split"": 2, ""min_samples_leaf"": 1}, {""n_estimators"": 103, ""max_depth"": 21, ""min_samples_split"": 6, ""min_samples_leaf"": 1}, {""n_estimators"": 170, ""max_depth"": 34, ""min_samples_split"": 6, ""min_samples_leaf"": 1}, {""n_estimators"": 127, ""max_depth"": 44, ""min_samples_split"": 2, ""min_samples_leaf"": 2}, {""n_estimators"": 196, ""max_depth"": 47, ""min_samples_split"": 5, ""min_samples_leaf"": 1}, {""n_estimators"": 352, ""max_depth"": 27, ""min_samples_split"": 6, ""min_samples_leaf"": 1}]",0.8487349619708341,0.08953836156926002,170.31691147647882,121.82334782746366,7.808686793963411,4.3777936737458125,0.04274368810265927,,1067.4366233195965,,22.76444956247804,,"[-0.36976527890392097, -0.08064429254791516, 0.09181134110185452, 0.0722930884565568, -17.71666016037614, -0.2205213009592275]","[745.5341549335806, 833.4505127752213, 946.8337891879971, 504.69849687526664, 3126.059611944527, 635.463965117029]","[15.955727196559035, 14.335246758458531, 16.612826704303313, 12.203475567214433, 70.43077652056608, 12.075892810471275]","[0.9990887902773675, 0.833550962788252, 0.8348754511067691, 0.7220315251540022, 0.8736618343201775, 0.8292012081784367]","[1.1008286989857032, 180.89164040958138, 174.33748028527307, 360.22886048449004, 86.51512668185605, 218.82753229868672]","[0.408203605584878, 9.07329880583496, 9.093067744536308, 12.506955481091826, 5.081381481813673, 10.689213644918821]",,
GradientBoosting,36.095,6.016,0.147,"[{""n_estimators"": 315, ""learning_rate"": 0.010780357359800817, ""max_depth"": 3, ""subsample"": 0.6215376792084115}, {""n_estimators"": 333, ""learning_rate"": 0.019569856083068164, ""max_depth"": 2, ""subsample"": 0.7792841556826462}, {""n_estimators"": 253, ""learning_rate"": 0.28668379660383414, ""max_depth"": 3, ""subsample"": 0.8545807880071297}, {""n_estimators"": 257, ""learning_rate"": 0.04910828638531847, ""max_depth"": 2, ""subsample"": 0.8002758146997364}, {""n_estimators"": 237, ""learning_rate"": 0.010667567948194605, ""max_depth"": 4, ""subsample"": 0.7873304500658754}, {""n_estimators"": 105, ""learning_rate"": 0.05203150383590159, ""max_depth"": 3, ""subsample"": 0.6962606590692634}]",0.8924059863245724,0.07201646699867612,116.81295629340103,80.92076739518724,6.518576991467477,3.725342236294156,0.05202448724583153,,1057.08760312932,,22.093365573564185,,"[-0.4282639578414489, -0.047526918268388174, 0.11582874844065039, -0.12418138729257366, -16.86528523350833, -0.08870871207505338]","[777.3737436851071, 807.9086274708885, 921.7943961342967, 611.5861047513007, 2983.862833742716, 566.8357893376731]","[14.762975613286752, 13.967313286496752, 16.826521341448704, 13.342228246123936, 68.76607625906357, 10.112496143762243]","[0.8293532480177551, 0.8062449869038096, 0.9999989067921858, 0.9398766724142946, 0.8709651275411603, 0.9079969762782285]","[206.1576356187811, 210.56692633170763, 0.0011542020676035046, 77.91587803880847, 88.36180482028784, 117.87433874875352]","[10.018573547182505, 9.95386326692041, 0.02355023378657126, 5.9245069808839474, 5.414470607177322, 7.776497312854112]",,
LightGBM,74.838,12.473,0.044,"[{""n_estimators"": 557, ""max_depth"": 2, ""learning_rate"": 0.14567641744024198, ""num_leaves"": 20, ""min_child_samples"": 17, ""subsample"": 0.7062230799595963, ""colsample_bytree"": 0.4397278739738782}, {""n_estimators"": 229, ""max_depth"": 2, ""learning_rate"": 0.022782554185775693, ""num_leaves"": 63, ""min_child_samples"": 5, ""subsample"": 0.9468512041249552, ""colsample_bytree"": 0.9120486243030053}, {""n_estimators"": 367, ""max_depth"": 2, ""learning_rate"": 0.0316500003330192, ""num_leaves"": 15, ""min_child_samples"": 9, ""subsample"": 0.6094018130689949, ""colsample_bytree"": 0.8121356160266007}, {""n_estimators"": 526, ""max_depth"": 4, ""learning_rate"": 0.02029947987347614, ""num_leaves"": 43, ""min_child_samples"": 5, ""subsample"": 0.7151567655971289, ""colsample_bytree"": 0.9885058688508447}, {""n_estimators"": 170, ""max_depth"": 6, ""learning_rate"": 0.06681587853774605, ""num_leaves"": 40, ""min_child_samples"": 10, ""subsample"": 0.7702967806975684, ""colsample_bytree"": 0.7608643582387152}, {""n_estimators"": 445, ""max_depth"": 3, ""learning_rate"": 0.021053525061471394, ""num_leaves"": 44, ""min_child_samples"": 11, ""subsample"": 0.8449935854339043, ""colsample_bytree"": 0.7757562254939478}]",0.6674929984829835,0.08209365714811752,360.6262574473546,105.29229384394436,11.805941287118793,2.110798021461918,-0.004927497228252475,,1120.5947675562347,,22.56727196589599,,"[-0.6842201634319209, -0.15764954911463036, -0.3703425789988193, -0.6581339198677225, -13.983508385700846, -0.013835987270130579]","[916.6852712685736, 892.8410735864891, 1428.6532251275548, 902.0712108125158, 2502.5479977956843, 527.8533327871324]","[17.585259009890407, 14.334423720321233, 16.133873819334756, 17.268443709517385, 61.66571699306969, 10.69276849350864]","[0.6497816565588308, 0.6008201409659655, 0.7264630685003408, 0.8056557908227049, 0.6138867275284287, 0.6083506065216302]","[423.0973329141936, 433.8162642975954, 288.79860518771625, 251.85731242538557, 264.4065512719334, 501.7814785873032]","[12.293693308771736, 13.930433365743278, 11.312141059185107, 10.398046745441189, 8.707718670308612, 14.193614573262847]",,
CatBoost,223.018,37.17,0.132,"[{""iterations"": 441, ""depth"": 4, ""learning_rate"": 0.01849346445107121, ""l2_leaf_reg"": 2.530895643005419}, {""iterations"": 349, ""depth"": 3, ""learning_rate"": 0.10093190434287166, ""l2_leaf_reg"": 2.1140532491284723}, {""iterations"": 348, ""depth"": 4, ""learning_rate"": 0.11138051944962256, ""l2_leaf_reg"": 3.4098935279220153}, {""iterations"": 215, ""depth"": 3, ""learning_rate"": 0.1635988564678769, ""l2_leaf_reg"": 2.449254533516764}, {""iterations"": 308, ""depth"": 3, ""learning_rate"": 0.028729785732173354, ""l2_leaf_reg"": 1.3869350730351446}, {""iterations"": 136, ""depth"": 4, ""learning_rate"": 0.09917991195089855, ""l2_leaf_reg"": 1.592594827787521}]",0.8898792795566316,0.09057745809135923,113.41114687914126,91.1668744288118,6.519308506725264,2.87589553889767,-0.05201857622113426,,1173.1060351487213,,23.617321728741704,,"[-0.3404852874565305, -0.0003314331689179273, -0.15950103573595809, -0.4899454606306699, -17.080514801789253, -0.5168408627564651]","[729.5976773367325, 771.5089522696385, 1208.8399788709653, 810.5719867445571, 3019.8105111025707, 789.7426356600379]","[14.755637028060404, 14.310543394234198, 20.425764004045774, 15.98639651440879, 69.38001382477856, 12.08754505776563]","[0.7724267958893603, 0.9477229027757683, 0.9616650697163522, 0.9699342322057634, 0.7802611583730603, 0.9072655183794849]","[274.9302471020437, 56.81312449234763, 40.47378295570162, 38.96325753526396, 150.47498606602935, 118.81148312346123]","[11.47227153711838, 4.757519964782396, 4.153961720917932, 4.056020657952401, 6.7401908574677485, 7.935886302112732]",,
MLP,0.0,0.0,0.087,"[{}, {}, {}, {}, {}, {}]",0.3940638330364905,0.21889253397191846,676.791123070319,322.7894933267161,15.98478080385721,4.925738005249159,-0.006558139488515913,,1122.413096927903,,21.420501030678725,,"[0.0033652201491856104, -0.537928934670177, 0.43659204408243346, -0.7284940928767496, -18.4960393255672, 0.09480972304229385]","[542.4471475638928, 1186.1328172941562, 587.3820208317765, 940.3491120717183, 3256.2316463683146, 471.2869837903315]","[10.340227994694393, 19.196851154847025, 13.643150547273365, 15.034993468092397, 70.8933656412449, 6.489561610604423]","[0.18771665997980325, 0.6625161546709684, 0.43639038026189647, 0.5738495143606809, 0.41073126954202155, 0.0931790194035721]","[981.3161451119416, 366.76695411364744, 595.0555603529032, 552.2630000463673, 403.52540019006017, 1161.819678606994]","[20.058837449750673, 12.388879281171446, 15.840546578874608, 14.920683382167121, 9.62802618380633, 23.071711947373092]",,
Dummy,0.0,0.0,0.001,"[{}, {}, {}, {}, {}, {}]",1.850371707708594e-17,4.5324665183683945e-17,1102.097276884364,226.89677765115172,20.87195065864619,3.916931947532613,-0.1974348734666409,,1335.2597649055108,,23.051048403505053,,"[-0.40488700847288217, -0.8766998452559418, -0.7444672552804461, -0.03125980824098806, -22.899657361260125, -0.04217598798407862]","[764.6501665432148, 1447.4110113197958, 1818.697607868733, 561.0341678291239, 3991.724644042826, 542.6085437047554]","[12.9758955375911, 15.308830316662528, 16.58616501872551, 12.672102338565146, 80.29990847835225, 7.943174109085023]","[0.0, 0.0, 0.0, 0.0, 0.0, 1.1102230246251565e-16]","[1208.0958660158437, 1086.768920023612, 1055.7938323150195, 1295.934226656698, 684.7901124440136, 1281.2007038509962]","[22.257192349168466, 21.06398659421171, 20.892189274076078, 23.30493447184759, 13.346994564539582, 24.366406698033703]",,
Stacking,0.0,0.0,1.699,"[{}, {}, {}, {}, {}, {}]",0.6784516822060517,0.09535551257992878,364.247128594009,146.61828222803578,12.147304944585125,3.004017099348968,-0.07110952409063609,,1194.3943533102388,,22.45693841812153,,"[-1.1281242193326806, 0.07122797546358506, -0.2545855457952846, 0.3703505154890542, -19.450713863755183, -0.40843873303943323]","[1158.2928227845405, 716.3185198304585, 1307.9705131167725, 342.54692342677396, 3415.6815423865833, 733.3031068103757]","[15.853697738383799, 13.332544898232612, 16.62190323731487, 9.958002022972611, 73.86082283465657, 11.22243490388975]","[0.5165012491734347, 0.7375088587046713, 0.639269339901839, 0.7081069191463332, 0.7938810244560853, 0.6754427018539462]","[584.1128420973982, 285.2672141412897, 380.8572060585641, 378.2742340025378, 141.1482364395622, 415.8230388247018]","[14.599134307347992, 11.203874725587747, 12.91111772855755, 13.292789161569935, 6.534407798855573, 14.342505945591947]",,
